,Player,Team,POS,MAT,INNS,NO,RUNS,HS,AVG,BF,SR,100s,50s,4S,6S,Year
0,KL Rahul,PBKS,1,14,14,2,670,132*,55.83,518,129.34,1,5,58,23,2020
1,Shikhar Dhawan,DC,2,17,17,3,618,106*,44.14,427,144.73,2,4,67,12,2020
2,David Warner,SRH,3,16,16,2,548,85*,39.14,407,134.64,0,4,52,14,2020
3,Shreyas Iyer,DC,4,17,17,2,519,88*,34.6,421,123.27,0,3,40,16,2020
4,Ishan Kishan,MI,5,14,13,4,516,99,57.33,354,145.76,0,4,36,30,2020
5,Quinton de Kock,MI,6,16,16,2,503,78*,35.92,358,140.5,0,4,46,22,2020
6,Suryakumar Yadav,MI,7,16,15,3,480,79*,40.0,331,145.01,0,4,61,11,2020
7,Devdutt Padikkal,RCB,8,15,15,0,473,74,31.53,379,124.8,0,5,51,8,2020
8,Virat Kohli,RCB,9,15,15,4,466,90*,42.36,384,121.35,0,3,23,11,2020
9,AB de Villiers,RCB,10,15,14,4,454,73*,45.4,286,158.74,0,5,33,23,2020
10,Faf du Plessis,CSK,11,13,13,2,449,87*,40.81,319,140.75,0,4,42,14,2020
11,Shubman Gill,KKR,12,14,14,1,440,70*,33.84,373,117.96,0,3,44,9,2020
12,Manish Pandey,SRH,13,16,15,2,425,83*,32.69,333,127.62,0,3,35,18,2020
13,Mayank Agarwal,PBKS,14,11,11,0,424,106,38.54,271,156.45,1,2,44,15,2020
14,Eoin Morgan,KKR,15,14,14,4,418,68*,41.8,302,138.41,0,1,32,24,2020
15,Sanju Samson,RR,16,14,14,1,375,85,28.84,236,158.89,0,3,21,26,2020
16,Ambati Rayudu,CSK,17,12,11,2,359,71,39.88,282,127.3,0,1,30,12,2020
17,Nicholas Pooran,PBKS,18,14,14,4,353,77,35.3,208,169.71,0,2,23,25,2020
18,Nitish Rana,KKR,19,14,14,0,352,87,25.14,254,138.58,0,3,43,12,2020
19,Marcus Stoinis,DC,20,17,17,3,352,65,25.14,237,148.52,0,3,31,16,2020
20,Jonny Bairstow,SRH,21,11,11,0,345,97,31.36,272,126.83,0,3,31,13,2020
21,Rishabh Pant,DC,22,14,14,3,343,56,31.18,301,113.95,0,1,31,9,2020
22,Rohit Sharma,MI,23,12,12,0,332,80,27.66,260,127.69,0,3,27,19,2020
23,Jos Buttler,RR,24,13,12,2,328,70*,32.8,227,144.49,0,2,27,16,2020
24,Kane Williamson,SRH,25,12,11,4,317,67,45.28,237,133.75,0,3,26,10,2020
25,Steve Smith,RR,26,14,14,2,311,69,25.91,237,131.22,0,3,32,9,2020
26,Shane Watson,CSK,27,11,11,1,299,83*,29.9,247,121.05,0,2,33,13,2020
27,Chris Gayle,PBKS,28,7,7,0,288,99,41.14,210,137.14,0,3,15,23,2020
28,Ben Stokes,RR,29,8,8,1,285,107*,40.71,200,142.5,1,1,36,7,2020
29,Hardik Pandya,MI,30,14,13,5,281,60*,35.12,157,178.98,0,1,14,25,2020
30,Aaron Finch,RCB,31,12,12,0,268,52,22.33,241,111.2,0,1,28,8,2020
31,Kieron Pollard,MI,32,16,12,7,268,60*,53.6,140,191.42,0,1,15,22,2020
32,Rahul Tewatia,RR,33,14,11,5,255,53,42.5,183,139.34,0,1,13,17,2020
33,Ravindra Jadeja,CSK,34,14,11,6,232,50,46.4,135,171.85,0,1,22,11,2020
34,Rahul Tripathi,KKR,35,11,11,1,230,81,23.0,181,127.07,0,1,21,10,2020
35,Prithvi Shaw,DC,36,13,13,0,228,66,17.53,167,136.52,0,2,27,8,2020
36,Wriddhiman Saha,SRH,37,4,4,1,214,87,71.33,153,139.86,0,2,24,5,2020
37,Ruturaj Gaikwad,CSK,38,6,6,2,204,72,51.0,169,120.71,0,3,16,6,2020
38,MS Dhoni,CSK,39,14,12,4,200,47*,25.0,172,116.27,0,0,16,7,2020
39,Robin Uthappa,RR,40,12,12,0,196,41,16.33,164,119.51,0,0,19,7,2020
40,Sam Curran,CSK,41,14,11,3,186,52,23.25,141,131.91,0,1,12,12,2020
41,Shimron Hetmyer,DC,42,12,11,3,185,45,23.12,125,148.0,0,0,11,12,2020
42,Dinesh Karthik,KKR,43,14,14,2,169,58,14.08,134,126.11,0,1,20,4,2020
43,Pat Cummins,KKR,44,14,11,4,146,53*,20.85,114,128.07,0,1,9,8,2020
44,Priyam Garg,SRH,45,14,10,1,133,51*,14.77,111,119.81,0,1,9,4,2020
45,Mandeep Singh,PBKS,46,7,7,1,130,66*,21.66,109,119.26,0,1,10,4,2020
46,Shivam Dube,RCB,47,11,9,2,129,27*,18.42,105,122.85,0,0,5,9,2020
47,Sunil Narine,KKR,48,10,9,0,121,64,13.44,85,142.35,0,1,10,8,2020
48,Andre Russell,KKR,49,10,9,0,117,25,13.0,81,144.44,0,0,9,9,2020
49,Axar Patel,DC,50,15,9,1,117,42,14.62,85,137.64,0,0,6,8,2020
50,Ajinkya Rahane,DC,51,9,8,0,113,60,14.12,107,105.6,0,1,12,2,2020
51,Jofra Archer,RR,52,14,10,4,113,27*,18.83,63,179.36,0,0,5,10,2020
52,Abdul Samad,SRH,53,12,8,3,111,33,22.2,65,170.76,0,0,8,6,2020
53,Washington Sundar,RCB,54,15,9,3,111,30,18.5,95,116.84,0,0,10,2,2020
54,Krunal Pandya,MI,55,16,12,6,109,34,18.16,92,118.47,0,0,9,5,2020
55,Glenn Maxwell,PBKS,56,13,11,4,108,32,15.42,106,101.88,0,0,9,0,2020
56,Saurabh Tiwary,MI,57,7,5,0,103,42,20.6,80,128.75,0,0,8,3,2020
57,Deepak Hooda,PBKS,58,7,5,4,101,62*,101.0,71,142.25,0,1,5,5,2020
58,Vijay Shankar,SRH,59,7,5,1,97,52*,24.25,96,101.04,0,1,10,1,2020
59,Riyan Parag,RR,60,12,8,1,86,42*,12.28,77,111.68,0,0,6,3,2020
60,Tom Curran,RR,61,5,4,3,83,54*,83.0,62,133.87,0,1,5,3,2020
61,Josh Philippe,RCB,62,5,5,1,78,33,19.5,77,101.29,0,0,9,1,2020
62,Abhishek Sharma,SRH,63,8,7,2,71,31,14.2,56,126.78,0,0,6,3,2020
63,Gurkeerat Mann Singh,RCB,64,8,5,5,71,21*,0.0,80,88.75,0,0,8,0,2020
64,Jason Holder,SRH,65,7,4,2,66,26*,33.0,53,124.52,0,0,5,3,2020
65,Kedar Jadhav,CSK,66,8,5,2,62,26,20.66,66,93.93,0,0,7,0,2020
66,Mahipal Lomror,RR,67,3,3,0,59,47,19.66,54,109.25,0,0,2,3,2020
67,Kagiso Rabada,DC,68,17,8,4,56,15*,14.0,49,114.28,0,0,4,2,2020
68,Lockie Ferguson,KKR,69,5,2,2,43,24*,0.0,29,148.27,0,0,4,1,2020
69,Krishnappa Gowtham,PBKS,70,2,2,1,42,22*,42.0,27,155.55,0,0,3,2,2020
70,Yashasvi Jaiswal,RR,71,3,3,0,40,34,13.33,44,90.9,0,0,2,2,2020
71,Shreyas Gopal,RR,72,14,5,1,37,23*,9.25,39,94.87,0,0,3,0,2020
72,Ravichandran Ashwin,DC,73,15,6,3,37,14*,12.33,34,108.82,0,0,3,1,2020
73,Rashid Khan,SRH,74,16,7,3,35,14,8.75,30,116.66,0,0,3,2,2020
74,Chris Morris,RCB,75,9,5,1,34,25*,8.5,21,161.9,0,0,2,3,2020
75,Narayan Jagadeesan,CSK,76,5,2,0,33,33,16.5,29,113.79,0,0,4,0,2020
76,Sarfaraz Khan,PBKS,77,5,3,1,33,14*,16.5,29,113.79,0,0,5,0,2020
77,Alex Carey,DC,78,3,3,1,32,14*,16.0,29,110.34,0,0,0,1,2020
78,Murali Vijay,CSK,79,3,3,0,32,21,10.66,43,74.41,0,0,4,0,2020
79,Chris Jordan,PBKS,80,9,5,2,29,13,9.66,31,93.54,0,0,2,0,2020
80,Navdeep Saini,RCB,81,13,3,2,27,12*,27.0,27,100.0,0,0,3,0,2020
81,Nathan Coulter-Nile,MI,82,7,2,1,25,24*,25.0,15,166.66,0,0,4,0,2020
82,Kamlesh Nagarkoti,KKR,83,10,6,3,22,8*,7.33,31,70.96,0,0,1,0,2020
83,Harshal Patel,DC,84,5,2,0,21,16,10.5,24,87.5,0,0,2,0,2020
84,Tushar Deshpande,DC,85,5,2,1,21,20*,21.0,12,175.0,0,0,2,1,2020
85,Jimmy Neesham,PBKS,86,5,3,1,19,10*,9.5,18,105.55,0,0,0,1,2020
86,Tom Banton,KKR,87,2,2,0,18,10,9.0,20,90.0,0,0,1,1,2020
87,Mohammed Siraj,RCB,88,9,3,2,17,10*,17.0,14,121.42,0,0,2,0,2020
88,Karun Nair,PBKS,89,4,3,1,16,15*,8.0,14,114.28,0,0,2,0,2020
89,Prabhsimran Singh,PBKS,90,2,2,0,15,11,7.5,15,100.0,0,0,2,0,2020
90,Isuru Udana,RCB,91,10,4,1,15,10*,5.0,11,136.36,0,0,1,1,2020
91,James Pattinson,MI,92,10,2,1,15,11,15.0,13,115.38,0,0,2,0,2020
92,Imran Tahir,CSK,93,3,1,1,13,13*,0.0,10,130.0,0,0,2,0,2020
93,Kuldeep Yadav,KKR,94,5,2,1,13,12,13.0,21,61.9,0,0,1,0,2020
94,Moeen Ali,RCB,95,3,3,0,12,11,4.0,16,75.0,0,0,1,0,2020
95,Shardul Thakur,CSK,96,9,2,1,12,11,12.0,21,57.14,0,0,0,0,2020
96,Sandeep Sharma,SRH,97,13,5,3,12,9,6.0,15,80.0,0,0,1,0,2020
97,Mohammad Nabi,SRH,98,1,1,1,11,11*,0.0,8,137.5,0,0,2,0,2020
98,Rinku Singh,KKR,99,1,1,0,11,11,11.0,11,100.0,0,0,1,0,2020
99,Shivam Mavi,KKR,100,8,3,1,10,9,5.0,14,71.42,0,0,1,0,2020
100,Varun Chakaravarthy,KKR,101,13,3,1,10,7*,5.0,15,66.66,0,0,0,0,2020
101,Ankit Rajpoot,RR,102,6,2,1,9,7*,9.0,10,90.0,0,0,0,1,2020
102,Jaydev Unadkat,RR,103,7,1,0,9,9,9.0,13,69.23,0,0,0,0,2020
103,Pravin Dubey,DC,104,3,1,1,7,7*,0.0,13,53.84,0,0,0,0,2020
104,Dwayne Bravo,CSK,105,6,2,0,7,7,3.5,6,116.66,0,0,0,0,2020
105,Shahbaz Nadeem,SRH,106,7,2,1,7,5,7.0,8,87.5,0,0,1,0,2020
106,Deepak Chahar,CSK,107,14,3,2,7,5*,7.0,12,58.33,0,0,0,0,2020
107,Ravi Bishnoi,PBKS,108,14,3,2,7,6*,7.0,12,58.33,0,0,1,0,2020
108,Anrich Nortje,DC,109,16,5,4,7,3*,7.0,6,116.66,0,0,0,0,2020
109,Andrew Tye,RR,110,1,1,0,6,6,6.0,6,100.0,0,0,0,1,2020
110,Jasprit Bumrah,MI,111,15,1,1,5,5*,0.0,3,166.66,0,0,0,0,2020
111,Murugan Ashwin,PBKS,112,9,1,0,4,4,4.0,4,100.0,0,0,0,0,2020
112,Kartik Tyagi,RR,113,10,3,2,4,2*,4.0,6,66.66,0,0,0,0,2020
113,Dhawal Kulkarni,MI,114,1,1,1,3,3*,0.0,2,150.0,0,0,0,0,2020
114,T Natarajan,SRH,115,16,3,3,3,3*,0.0,5,60.0,0,0,0,0,2020
115,Prasidh Krishna,KKR,116,6,2,2,2,2*,0.0,4,50.0,0,0,0,0,2020
116,Mohammad Shami,PBKS,117,14,3,2,2,2*,2.0,3,66.66,0,0,0,0,2020
117,Rahul Chahar,MI,118,15,1,1,2,2*,0.0,4,50.0,0,0,0,0,2020
118,Nikhil Naik,KKR,119,1,1,0,1,1,1.0,3,33.33,0,0,0,0,2020
119,Mujeeb Ur Rahman,PBKS,120,2,1,0,1,1,1.0,3,33.33,0,0,0,0,2020
120,Shahbaz Ahmed,RCB,121,2,1,1,1,1*,0.0,1,100.0,0,0,0,0,2020
121,Dale Steyn,RCB,122,3,1,1,1,1*,0.0,2,50.0,0,0,0,0,2020
122,Varun Aaron,RR,123,3,2,1,1,1,1.0,10,10.0,0,0,0,0,2020
123,Yuzvendra Chahal,RCB,124,15,2,1,1,1,1.0,3,33.33,0,0,0,0,2020
124,Mitchell Marsh,SRH,125,1,1,0,0,0*,0.0,1,0.0,0,0,0,0,2020
125,Shreevats Goswami,SRH,126,2,2,0,0,0*,0.0,4,0.0,0,0,0,0,2020
126,Umesh Yadav,RCB,127,2,1,0,0,0*,0.0,2,0.0,0,0,0,0,2020
127,Daniel Sams,DC,128,3,1,0,0,0*,0.0,2,0.0,0,0,0,0,2020
128,Bhuvneshwar Kumar,SRH,129,4,1,0,0,0*,0.0,2,0.0,0,0,0,0,2020
129,Sheldon Cottrell,PBKS,130,6,1,0,0,0*,0.0,2,0.0,0,0,0,0,2020
130,Khaleel Ahmed,SRH,131,7,1,0,0,0*,0.0,2,0.0,0,0,0,0,2020
131,Arshdeep Singh,PBKS,132,8,1,0,0,0*,0.0,3,0.0,0,0,0,0,2020
132,Trent Boult,MI,133,15,1,0,0,0*,0.0,1,0.0,0,0,0,0,2020
0,Ruturaj Gaikwad,CSK,1,16,16,2,635,101*,45.35,466,136.26,1,4,64,23,2021
1,Faf du Plessis,CSK,2,16,16,2,633,95*,45.21,458,138.2,0,6,60,23,2021
2,KL Rahul,PBKS,3,13,13,3,626,98*,62.6,451,138.8,0,6,48,30,2021
3,Shikhar Dhawan,DC,4,16,16,1,587,92,39.13,471,124.62,0,3,63,16,2021
4,Glenn Maxwell,RCB,5,15,14,2,513,78,42.75,356,144.1,0,6,48,21,2021
5,Sanju Samson,RR,6,14,14,2,484,119,40.33,354,136.72,1,2,45,17,2021
6,Prithvi Shaw,DC,7,15,15,0,479,82,31.93,301,159.13,0,4,56,18,2021
7,Shubman Gill,KKR,8,17,17,0,478,57,28.11,402,118.9,0,3,50,12,2021
8,Mayank Agarwal,PBKS,9,12,12,1,441,99*,40.09,314,140.44,0,4,42,18,2021
9,Rishabh Pant,DC,10,16,16,4,419,58*,34.91,326,128.52,0,3,42,10,2021
10,Devdutt Padikkal,RCB,11,14,14,1,411,101*,31.61,328,125.3,1,1,44,14,2021
11,Virat Kohli,RCB,12,15,15,1,405,72*,28.92,339,119.46,0,3,43,9,2021
12,Rahul Tripathi,KKR,13,17,16,2,397,74*,28.35,283,140.28,0,2,41,11,2021
13,Nitish Rana,KKR,14,17,16,3,383,80,29.46,314,121.97,0,2,34,17,2021
14,Rohit Sharma,MI,15,13,13,0,381,63,29.3,299,127.42,0,1,33,14,2021
15,Venkatesh Iyer,KKR,16,10,10,1,370,67,41.11,288,128.47,0,4,37,14,2021
16,Moeen Ali,CSK,17,15,15,1,357,58,25.5,260,137.3,0,1,31,19,2021
17,Suryakumar Yadav,MI,18,14,14,0,317,82,22.64,221,143.43,0,2,40,10,2021
18,AB de Villiers,RCB,19,15,14,4,313,76*,31.3,211,148.34,0,2,23,16,2021
19,Quinton de Kock,MI,20,11,11,1,297,70*,29.7,256,116.01,0,2,29,7,2021
20,Manish Pandey,SRH,21,8,8,2,292,69*,48.66,236,123.72,0,3,21,10,2021
21,Kane Williamson,SRH,22,10,10,4,266,66*,44.33,235,113.19,0,2,29,2,2021
22,Ambati Rayudu,CSK,23,16,13,4,257,72*,28.55,170,151.17,0,2,16,17,2021
23,Jos Buttler,RR,24,7,7,0,254,124,36.28,166,153.01,1,0,27,13,2021
24,Yashasvi Jaiswal,RR,25,10,10,0,249,50,24.9,168,148.21,0,1,32,10,2021
25,Jonny Bairstow,SRH,26,7,7,1,248,63*,41.33,175,141.71,0,2,20,15,2021
26,Kieron Pollard,MI,27,14,13,5,245,87*,30.62,165,148.48,0,1,16,16,2021
27,Shimron Hetmyer,DC,28,14,13,6,242,53*,34.57,144,168.05,0,1,19,12,2021
28,Ishan Kishan,MI,29,10,10,1,241,84,26.77,180,133.88,0,2,21,10,2021
29,Shivam Dube,RR,30,9,9,1,230,64*,28.75,193,119.17,0,1,18,10,2021
30,Ravindra Jadeja,CSK,31,16,12,9,227,62*,75.66,156,145.51,0,1,19,9,2021
31,Dinesh Karthik,KKR,32,17,15,5,223,40,22.3,170,131.17,0,0,22,7,2021
32,David Warner,SRH,33,8,8,0,195,57,24.37,181,107.73,0,2,15,6,2021
33,Chris Gayle,PBKS,34,10,10,1,193,46,21.44,154,125.32,0,0,21,8,2021
34,K.S Bharat,RCB,35,8,7,2,191,78*,38.2,156,122.43,0,1,10,8,2021
35,Andre Russell,KKR,36,10,9,2,183,54,26.14,120,152.5,0,1,14,14,2021
36,Shreyas Iyer,DC,37,8,8,3,175,47*,35.0,171,102.33,0,0,7,5,2021
37,Deepak Hooda,PBKS,38,12,11,1,160,64,16.0,123,130.08,0,1,9,9,2021
38,Suresh Raina,CSK,39,12,11,2,160,54,17.77,128,125.0,0,1,13,9,2021
39,Rahul Tewatia,RR,40,14,11,1,155,44,15.5,147,105.44,0,0,11,6,2021
40,Shahrukh Khan,PBKS,41,11,10,3,153,47,21.85,114,134.21,0,0,9,10,2021
41,Steve Smith,DC,42,8,7,1,152,39,25.33,135,112.59,0,0,13,2,2021
42,Evin Lewis,RR,43,5,5,0,151,58,30.2,93,162.36,0,1,18,7,2021
43,Jason Roy,SRH,44,5,5,0,150,60,30.0,121,123.96,0,1,21,1,2021
44,Aiden Markram,PBKS,45,6,6,1,146,42,29.2,119,122.68,0,0,12,4,2021
45,Krunal Pandya,MI,46,13,12,2,143,39,14.3,123,116.26,0,0,10,6,2021
46,Eoin Morgan,KKR,47,17,16,4,133,47*,11.08,139,95.68,0,0,8,6,2021
47,Wriddhiman Saha,SRH,48,9,9,0,131,44,14.55,140,93.57,0,0,7,5,2021
48,Hardik Pandya,MI,49,12,11,2,127,40*,14.11,112,113.39,0,0,11,5,2021
49,David Miller,RR,50,9,8,3,124,62,24.8,113,109.73,0,1,11,3,2021
50,Robin Uthappa,CSK,51,4,4,0,115,63,28.75,84,136.9,0,1,8,5,2021
51,Saurabh Tiwary,MI,52,5,4,2,115,50*,57.5,97,118.55,0,1,10,2,2021
52,MS Dhoni,CSK,53,16,11,4,114,18*,16.28,107,106.54,0,0,12,3,2021
53,Abdul Samad,SRH,54,11,10,1,111,28,12.33,87,127.58,0,0,4,8,2021
54,Abhishek Sharma,SRH,55,8,7,1,98,33,16.33,75,130.66,0,0,7,4,2021
55,Mahipal Lomror,RR,56,4,4,1,94,43,31.33,73,128.76,0,0,3,6,2021
56,Pat Cummins,KKR,57,7,5,2,93,66*,31.0,56,166.07,0,1,5,8,2021
57,Riyan Parag,RR,58,11,10,2,93,25,11.62,83,112.04,0,0,6,4,2021
58,Marcus Stoinis,DC,59,10,7,3,89,27*,22.25,72,123.61,0,0,11,1,2021
59,Jason Holder,SRH,60,8,7,1,85,47*,14.16,72,118.05,0,0,2,6,2021
60,Nicholas Pooran,PBKS,61,12,11,0,85,32,7.72,76,111.84,0,0,3,5,2021
61,Rashid Khan,SRH,62,14,10,2,83,22,10.37,69,120.28,0,0,9,2,2021
62,Priyam Garg,SRH,63,5,5,0,72,29,14.4,74,97.29,0,0,2,3,2021
63,Rajat Patidar,RCB,64,4,4,0,71,31,17.75,62,114.51,0,0,3,3,2021
64,Lalit Yadav,DC,65,7,5,3,68,22*,34.0,73,93.15,0,0,7,0,2021
65,Chris Morris,RR,66,11,7,2,67,36*,13.4,49,136.73,0,0,2,5,2021
66,Kyle Jamieson,RCB,67,9,7,3,65,16*,16.25,55,118.18,0,0,5,3,2021
67,Harpreet Brar,PBKS,68,7,5,5,64,25*,0.0,58,110.34,0,0,3,2,2021
68,Sunil Narine,KKR,69,14,10,2,62,26,7.75,47,131.91,0,0,3,5,2021
69,Shahbaz Ahmed,RCB,70,11,7,0,59,14,8.42,53,111.32,0,0,4,2,2021
70,Harshal Patel,RCB,71,15,8,4,59,31,14.75,46,128.26,0,0,6,2,2021
71,Vijay Shankar,SRH,72,7,5,0,58,28,11.6,52,111.53,0,0,1,3,2021
72,Sam Curran,CSK,73,9,4,1,56,34,18.66,29,193.1,0,0,5,3,2021
73,Kedar Jadhav,SRH,74,6,5,1,55,19,13.75,52,105.76,0,0,2,2,2021
74,Chris Lynn,MI,75,1,1,0,49,49,49.0,35,140.0,0,0,4,3,2021
75,Shakib Al Hasan,KKR,76,8,6,1,47,26,9.4,48,97.91,0,0,3,1,2021
76,Dwayne Bravo,CSK,77,11,3,2,47,23,47.0,18,261.11,0,0,3,4,2021
77,Ravichandran Ashwin,DC,78,13,5,2,44,20*,14.66,42,104.76,0,0,2,1,2021
78,Manan Vohra,RR,79,4,4,0,42,14,10.5,39,107.69,0,0,5,2,2021
79,Liam Livingstone,RR,80,5,5,0,42,25,8.4,41,102.43,0,0,3,1,2021
80,Jaydev Unadkat,RR,81,6,3,1,41,24,20.5,29,141.37,0,0,3,2,2021
81,Axar Patel,DC,82,12,6,1,40,12,8.0,46,86.95,0,0,2,1,2021
82,Mohammad Nabi,SRH,83,3,3,0,34,17,11.33,20,170.0,0,0,3,2,2021
83,Jayant Yadav,MI,84,5,3,1,34,23,17.0,26,130.76,0,0,2,1,2021
84,Bhuvneshwar Kumar,SRH,85,11,7,6,34,14*,34.0,30,113.33,0,0,3,0,2021
85,Chris Jordan,PBKS,86,4,2,0,32,30,16.0,21,152.38,0,0,1,3,2021
86,Moises Henriques,PBKS,87,5,4,2,31,14,15.5,32,96.87,0,0,0,1,2021
87,Washington Sundar,RCB,88,6,4,0,31,10,7.75,47,65.95,0,0,2,0,2021
88,Dawid Malan,PBKS,89,1,1,0,26,26,26.0,26,100.0,0,0,1,1,2021
89,Glenn Phillips,RR,90,3,3,1,26,14*,13.0,33,78.78,0,0,1,2,2021
90,Ripal Patel,DC,91,2,2,1,25,18,25.0,27,92.59,0,0,3,0,2021
91,Shivam Mavi,KKR,92,9,2,0,25,20,12.5,20,125.0,0,0,2,2,2021
92,Tom Curran,DC,93,3,2,1,21,21,21.0,17,123.52,0,0,2,0,2021
93,Mohammed Siraj,RCB,94,15,4,3,20,12*,20.0,26,76.92,0,0,1,1,2021
94,Prabhsimran Singh,PBKS,95,2,2,0,19,12,9.5,23,82.6,0,0,1,1,2021
95,Nathan Ellis,PBKS,96,3,2,1,18,12,18.0,16,112.5,0,0,0,1,2021
96,Lockie Ferguson,KKR,97,8,3,3,18,18*,0.0,11,163.63,0,0,1,1,2021
97,Anmolpreet Singh,MI,98,1,1,0,16,16,16.0,14,114.28,0,0,2,1,2021
98,Adam Milne,MI,99,4,3,1,16,15,8.0,17,94.11,0,0,0,1,2021
99,Chetan Sakariya,RR,100,14,6,1,16,7,3.2,25,64.0,0,0,2,0,2021
100,Jasprit Bumrah,MI,101,14,7,5,16,5*,8.0,17,94.11,0,0,2,0,2021
101,Mandeep Singh,PBKS,102,1,1,0,15,15,15.0,14,107.14,0,0,2,0,2021
102,Chris Woakes,DC,103,3,1,1,15,15*,0.0,11,136.36,0,0,2,0,2021
103,Jhye Richardson,PBKS,104,3,2,0,15,15,7.5,24,62.5,0,0,2,0,2021
104,Murugan Ashwin,PBKS,105,3,2,0,15,9,7.5,24,62.5,0,0,1,0,2021
105,Virat Singh,SRH,106,3,2,0,15,11,7.5,26,57.69,0,0,1,0,2021
106,Jagadeesha Suchith,SRH,107,2,1,1,14,14*,0.0,6,233.33,0,0,2,1,2021
107,Dan Christian,RCB,108,9,7,1,14,9,2.33,24,58.33,0,0,1,0,2021
108,Rahul Chahar,MI,109,11,5,0,14,8,2.8,15,93.33,0,0,1,0,2021
109,Mohammad Shami,PBKS,110,14,4,3,13,9*,13.0,17,76.47,0,0,0,0,2021
110,Kagiso Rabada,DC,111,15,3,2,13,9*,13.0,6,216.66,0,0,2,0,2021
111,Yuzvendra Chahal,RCB,112,15,2,2,10,8*,0.0,27,37.03,0,0,0,0,2021
112,Ajinkya Rahane,DC,113,2,1,0,8,8,8.0,8,100.0,0,0,1,0,2021
113,Sandeep Sharma,SRH,114,7,2,1,8,8*,8.0,7,114.28,0,0,1,0,2021
114,Siddarth Kaul,SRH,115,8,2,2,8,7*,0.0,8,100.0,0,0,1,0,2021
115,Mustafizur Rahman,RR,116,14,5,5,8,8*,0.0,14,57.14,0,0,0,1,2021
116,Sachin Baby,RCB,117,1,1,0,7,7,7.0,17,41.17,0,0,0,0,2021
117,Shreyas Gopal,RR,118,3,2,1,7,7*,7.0,5,140.0,0,0,0,1,2021
118,Daniel Sams,RCB,119,2,2,1,6,3*,6.0,6,100.0,0,0,0,0,2021
119,Fabian Allen,PBKS,120,4,3,2,6,6,6.0,12,50.0,0,0,0,0,2021
120,Avesh Khan,DC,121,16,1,1,5,5*,0.0,3,166.66,0,0,1,0,2021
121,Shardul Thakur,CSK,122,16,4,2,5,3*,2.5,5,100.0,0,0,0,0,2021
122,Harbhajan Singh,KKR,123,3,2,2,4,2*,0.0,4,100.0,0,0,0,0,2021
123,Nathan Coulter-Nile,MI,124,5,2,0,4,3,2.0,5,80.0,0,0,0,0,2021
124,Tim Southee,KKR,125,3,1,0,3,3,3.0,5,60.0,0,0,0,0,2021
125,Tabraiz Shamsi,RR,126,1,1,1,2,2*,0.0,4,50.0,0,0,0,0,2021
126,Tim Seifert,KKR,127,1,1,0,2,2,2.0,4,50.0,0,0,0,0,2021
127,Navdeep Saini,RCB,128,2,1,0,2,2,2.0,4,50.0,0,0,0,0,2021
128,Kartik Tyagi,RR,129,4,2,1,2,1*,2.0,4,50.0,0,0,0,0,2021
129,George Garton,RCB,130,5,3,2,2,2*,2.0,4,50.0,0,0,0,0,2021
130,Arshdeep Singh,PBKS,131,12,2,2,2,1*,0.0,3,66.66,0,0,0,0,2021
131,Varun Chakaravarthy,KKR,132,17,3,2,2,2*,2.0,4,50.0,0,0,0,0,2021
132,Mujeeb Ur Rahman,SRH,133,1,1,1,1,1*,0.0,1,100.0,0,0,0,0,2021
133,Tim David,RCB,134,1,1,0,1,1,1.0,3,33.33,0,0,0,0,2021
134,Wanindu Hasaranga,RCB,135,2,2,1,1,1*,1.0,2,50.0,0,0,0,0,2021
135,Khaleel Ahmed,SRH,136,7,1,0,1,1,1.0,2,50.0,0,0,0,0,2021
136,Ravi Bishnoi,PBKS,137,9,1,0,1,1,1.0,4,25.0,0,0,0,0,2021
137,Trent Boult,MI,138,14,4,4,1,1*,0.0,4,25.0,0,0,0,0,2021
138,Deepak Chahar,CSK,139,15,2,2,1,1*,0.0,1,100.0,0,0,0,0,2021
139,Ben Stokes,RR,140,1,1,0,0,0*,0.0,3,0.0,0,0,0,0,2021
140,Kamlesh Nagarkoti,KKR,141,1,1,0,0,0*,0.0,2,0.0,0,0,0,0,2021
141,Kuldip Yadav,RR,142,1,1,1,0,0*,0.0,4,0.0,0,0,0,0,2021
142,Piyush Chawla,MI,143,1,1,0,0,0*,0.0,2,0.0,0,0,0,0,2021
143,Shahbaz Nadeem,SRH,144,1,1,0,0,0*,0.0,1,0.0,0,0,0,0,2021
144,Anuj Rawat,RR,145,2,1,0,0,0*,0.0,1,0.0,0,0,0,0,2021
145,Marco Jansen,MI,146,2,2,0,0,0*,0.0,3,0.0,0,0,0,0,2021
146,Sarfaraz Khan,PBKS,147,2,2,0,0,0*,0.0,4,0.0,0,0,0,0,2021
147,Jimmy Neesham,MI,148,3,2,0,0,0*,0.0,2,0.0,0,0,0,0,2021
148,Prasidh Krishna,KKR,149,10,2,1,0,0*,0.0,1,0.0,0,0,0,0,2021
0,Jos Buttler,RR,1,17,17,2,863,116,57.53,579,149.05,4,4,83,45,2022
1,K L Rahul,LSG,2,15,15,3,616,103*,51.33,455,135.38,2,4,45,30,2022
2,Quinton De Kock,LSG,3,15,15,1,508,140*,36.29,341,148.97,1,3,47,23,2022
3,Hardik Pandya,GT,4,15,15,4,487,87*,44.27,371,131.26,0,4,49,12,2022
4,Shubman Gill,GT,5,16,16,2,483,96,34.50,365,132.32,0,4,51,11,2022
5,David Miller,GT,6,16,16,9,481,94*,68.71,337,142.72,0,2,32,23,2022
6,Faf Du Plessis,RCB,7,16,16,1,468,96,31.20,367,127.52,0,3,49,13,2022
7,Shikhar Dhawan,PBKS,8,14,14,2,460,88*,38.33,375,122.66,0,3,47,12,2022
8,Sanju Samson,RR,9,17,17,1,458,55,28.63,312,146.79,0,2,43,26,2022
9,Deepak Hooda,LSG,10,15,14,0,451,59,32.21,330,136.66,0,4,36,18,2022
10,Liam Livingstone,PBKS,11,14,14,2,437,70,36.42,240,182.08,0,4,29,34,2022
11,David Warner,DC,12,12,12,3,432,92*,48.00,287,150.52,0,5,52,15,2022
12,Abhishek Sharma,SRH,13,14,14,0,426,75,30.43,320,133.12,0,2,47,13,2022
13,Ishan Kishan,MI,14,14,14,1,418,81*,32.15,348,120.11,0,3,45,11,2022
14,Rahul Tripathi,SRH,15,14,14,3,413,76,37.55,261,158.23,0,3,40,20,2022
15,Shreyas Iyer,KKR,16,14,14,1,401,85,30.85,298,134.56,0,3,41,11,2022
16,Tilak Varma,MI,17,14,14,3,397,61,36.09,303,131.02,0,2,29,16,2022
17,Aiden Markram,SRH,18,14,12,4,381,68*,47.63,274,139.05,0,3,25,19,2022
18,Devdutt Padikkal,RR,19,17,17,0,376,54,22.12,306,122.87,0,1,40,14,2022
19,Ruturaj  Gaikwad,CSK,20,14,14,0,368,99,26.29,291,126.46,0,3,33,14,2022
20,Nitish Rana,KKR,21,14,14,1,361,57,27.77,251,143.82,0,2,29,22,2022
21,Virat Kohli,RCB,22,16,16,1,341,73,22.73,294,115.98,0,2,32,8,2022
22,Rishabh Pant,DC,23,14,13,2,340,44,30.91,224,151.78,0,0,35,16,2022
23,Andre Russell,KKR,24,14,12,3,335,70*,37.22,192,174.47,0,1,18,32,2022
24,Rajat Patidar,RCB,25,8,7,1,333,112*,55.50,218,152.75,1,2,27,18,2022
25,Dinesh Karthik,RCB,26,16,16,10,330,66*,55.00,180,183.33,0,1,27,22,2022
26,Wriddhiman Saha,GT,27,11,11,1,317,68,31.70,259,122.39,0,3,40,7,2022
27,Shimron Hetmyer,RR,28,15,15,8,314,59*,44.86,204,153.92,0,1,21,21,2022
28,Nicholas Pooran,SRH,29,14,13,5,306,64*,38.25,212,144.33,0,2,16,21,2022
29,Suryakumar Yadav,MI,30,8,8,1,303,68*,43.29,208,145.67,0,3,23,16,2022
30,Glenn Maxwell,RCB,31,13,13,2,301,55,27.36,178,169.1,0,1,31,15,2022
31,Shivam Dube,CSK,32,11,11,1,289,95*,28.90,185,156.21,0,2,22,16,2022
32,Prithvi Shaw,DC,33,10,10,0,283,61,28.30,185,152.97,0,2,37,10,2022
33,Ambati Rayudu,CSK,34,13,11,0,274,78,24.91,224,122.32,0,1,25,15,2022
34,Rohit Sharma,MI,35,14,14,0,268,48,19.14,223,120.17,0,0,28,13,2022
35,Yashasvi Jaiswal,RR,36,10,10,0,258,68,25.80,194,132.98,0,2,28,10,2022
36,Jonny Bairstow,PBKS,37,11,11,0,253,66,23.00,175,144.57,0,2,34,9,2022
37,Devon Conway,CSK,38,7,7,1,252,87,42.00,173,145.66,0,3,22,12,2022
38,Mitchell Marsh,DC,39,8,8,0,251,89,31.38,189,132.8,0,2,19,14,2022
39,Rovman Powell,DC,40,14,12,2,250,67*,25.00,167,149.7,0,1,10,22,2022
40,Moeen Ali,CSK,41,10,10,0,244,93,24.40,177,137.85,0,1,24,11,2022
41,Jitesh Sharma,PBKS,42,12,10,2,234,44,29.25,143,163.63,0,0,22,12,2022
42,MS Dhoni,CSK,43,14,13,6,232,50*,33.14,188,123.4,0,1,21,10,2022
43,Robin Uthappa,CSK,44,12,11,0,230,88,20.91,171,134.5,0,2,19,14,2022
44,Shahbaz Ahmed,RCB,45,16,11,3,219,45,27.38,181,120.99,0,0,14,9,2022
45,Rahul Tewatia,GT,46,16,12,5,217,43*,31.00,147,147.61,0,0,22,9,2022
46,Kane Williamson,SRH,47,13,13,2,216,57,19.64,231,93.5,0,1,16,8,2022
47,Bhanuka Rajapaksa,PBKS,48,9,9,0,206,43,22.89,129,159.68,0,0,16,13,2022
48,Mayank Agarwal,PBKS,49,13,12,0,196,52,16.33,160,122.5,0,1,23,6,2022
49,Ravichandran Ashwin,RR,50,17,12,5,191,50,27.29,135,141.48,0,1,14,9,2022
50,Tim David,MI,51,8,8,3,186,46,37.20,86,216.27,0,0,12,16,2022
51,Riyan Parag,RR,52,17,14,3,183,56*,16.64,132,138.63,0,1,11,10,2022
52,Krunal Pandya,LSG,53,14,13,4,183,42,20.33,145,126.2,0,0,16,4,2022
53,Axar Patel,DC,54,13,10,6,182,42*,45.50,120,151.66,0,0,12,10,2022
54,Venkatesh Iyer,KKR,55,12,12,1,182,50*,16.55,169,107.69,0,1,17,7,2022
55,Rinku Singh,KKR,56,7,7,2,174,42*,34.80,117,148.71,0,0,17,7,2022
56,Sam Billings,KKR,57,8,8,1,169,36,24.14,138,122.46,0,0,9,10,2022
57,Dewald Brevis,MI,58,7,7,0,161,49,23.00,113,142.47,0,0,14,11,2022
58,Ayush Badoni,LSG,59,13,11,3,161,54,20.13,130,123.84,0,1,11,7,2022
59,Lalit Yadav,DC,60,12,8,1,161,48*,23.00,146,110.27,0,0,11,7,2022
60,Matthew Wade,GT,61,10,10,0,157,35,15.70,138,113.76,0,0,23,2,2022
61,Marcus Stoinis,LSG,62,11,10,2,156,38*,19.50,106,147.16,0,0,7,13,2022
62,Sai Sudharsan,GT,63,5,5,1,145,65*,36.25,114,127.19,0,1,14,3,2022
63,Kieron Pollard,MI,64,11,11,1,144,25,14.40,134,107.46,0,0,6,9,2022
64,Ajinkya Rahane,KKR,65,7,7,0,133,44,19.00,128,103.9,0,0,14,4,2022
65,Anuj Rawat,RCB,66,8,8,0,129,66,16.13,118,109.32,0,1,10,7,2022
66,Shardul Thakur,DC,67,14,10,2,120,29*,15.00,87,137.93,0,0,7,7,2022
67,Shahrukh Khan,PBKS,68,8,8,1,117,26,16.71,108,108.33,0,0,4,9,2022
68,Ravindra Jadeja,CSK,69,10,10,4,116,26*,19.33,98,118.36,0,0,6,5,2022
69,Abhinav Manohar,GT,70,8,7,1,108,43,18.00,75,144.0,0,0,14,3,2022
70,Washington Sundar,SRH,71,9,7,0,101,40,14.43,69,146.37,0,0,9,3,2022
71,Rashid Khan,GT,72,16,8,4,91,40,22.75,44,206.81,0,0,3,9,2022
72,Sarfaraz Khan,DC,73,6,5,2,91,36*,30.33,67,135.82,0,0,9,2,2022
73,Manish Pandey,LSG,74,6,6,0,88,38,14.67,80,110.0,0,0,9,2,2022
74,Mahipal Lomror,RCB,75,7,5,0,86,42,17.20,57,150.87,0,0,7,4,2022
75,Aaron Finch,KKR,76,5,5,0,86,58,17.20,61,140.98,0,1,10,3,2022
76,Rahul Chahar,PBKS,77,13,8,2,77,25*,12.83,68,113.23,0,0,7,4,2022
77,Evin Lewis,LSG,78,6,5,2,73,55*,24.33,56,130.35,0,1,8,3,2022
78,Sunil Narine,KKR,79,14,10,2,71,22,8.88,40,177.5,0,0,6,6,2022
79,Shashank Singh,SRH,80,10,5,1,69,25*,17.25,47,146.8,0,0,5,4,2022
80,Suyash S Prabhudessai,RCB,81,5,5,0,67,34,13.40,59,113.55,0,0,7,2,2022
81,Pat Cummins,KKR,82,5,5,1,63,56*,15.75,24,262.5,0,1,5,6,2022
82,Jaydev Unadkat,MI,83,5,5,2,59,19*,19.67,37,159.45,0,0,4,3,2022
83,Romario Shepherd,SRH,84,3,3,1,58,26*,29.00,41,141.46,0,0,2,5,2022
84,Jason Holder,LSG,85,12,8,2,58,16,9.67,44,131.81,0,0,2,6,2022
85,Umesh Yadav,KKR,86,12,7,3,55,21,13.75,40,137.5,0,0,4,4,2022
86,Odean Smith,PBKS,87,6,6,3,51,25*,17.00,44,115.9,0,0,1,5,2022
87,Kagiso Rabada,PBKS,88,13,8,3,48,25,9.60,43,111.62,0,0,5,2,2022
88,Kuldeep Yadav,DC,89,14,7,6,48,16*,48.00,52,92.3,0,0,3,2,2022
89,Priyam Garg,SRH,90,2,2,0,46,42,23.00,33,139.39,0,0,4,2,2022
90,Ramandeep Singh,MI,91,5,4,2,45,14*,22.50,40,112.5,0,0,3,1,2022
91,Dwaine Pretorius,CSK,92,6,5,1,44,22,11.00,28,157.14,0,0,3,3,2022
92,Dushmantha Chameera,LSG,93,12,8,4,43,17,10.75,28,153.57,0,0,3,3,2022
93,Harshal Patel,RCB,94,15,8,3,43,11,8.60,39,110.25,0,0,4,2,2022
94,Hrithik Shokeen,MI,95,5,3,1,43,25,21.50,48,89.58,0,0,5,0,2022
95,Trent Boult,RR,96,16,8,6,40,17*,20.00,29,137.93,0,0,2,1,2022
96,Jagadeesan Narayan,CSK,97,2,2,1,40,39*,40.00,37,108.1,0,0,3,1,2022
97,Daniel Sams,MI,98,11,10,3,38,15,5.43,36,105.55,0,0,1,3,2022
98,Wanindu Hasaranga,RCB,99,16,7,0,38,18,5.43,43,88.37,0,0,4,1,2022
99,Rishi Dhawan,PBKS,100,6,4,2,37,21*,18.50,40,92.5,0,0,4,2,2022
100,Daryl Mitchell,RR,101,2,2,0,33,17,16.50,44,75.0,0,0,1,0,2022
101,Sherfane Rutherford,RCB,102,3,2,0,33,28,16.50,50,66.0,0,0,1,1,2022
102,James Neesham,RR,103,2,2,0,31,17,15.50,27,114.81,0,0,3,0,2022
103,Mohammed Siraj,RCB,104,15,5,3,30,14*,15.00,33,90.9,0,0,5,0,2022
104,Tim Seifert,DC,105,2,2,0,24,21,12.00,19,126.31,0,0,4,0,2022
105,Bhuvneshwar Kumar,SRH,106,14,6,3,24,8,8.00,26,92.3,0,0,3,0,2022
106,Mohsin Khan,LSG,107,9,3,2,23,13*,23.00,16,143.75,0,0,2,1,2022
107,Dwayne Bravo,CSK,108,10,6,4,23,12,11.50,24,95.83,0,0,1,1,2022
108,Sheldon Jackson,KKR,109,5,5,1,23,8,5.75,26,88.46,0,0,0,1,2022
109,Avesh Khan,LSG,110,13,4,3,22,12,22.00,13,169.23,0,0,0,3,2022
110,Rassie van der Dussen,RR,111,3,3,1,22,12*,11.00,24,91.66,0,0,2,0,2022
111,Harpreet Brar,PBKS,112,5,3,0,22,14,7.33,25,88.0,0,0,1,2,2022
112,Mitchell Santner,CSK,113,6,4,2,22,11,11.00,27,81.48,0,0,3,0,2022
113,Arshdeep Singh,PBKS,114,14,6,3,21,10*,7.00,29,72.41,0,0,3,0,2022
114,B Indrajith,KKR,115,3,3,0,21,15,7.00,30,70.0,0,0,2,0,2022
115,Manan Vohra,LSG,116,2,1,0,19,19,19.00,11,172.72,0,0,1,2,2022
116,Vijay Shankar,GT,117,4,4,0,19,13,4.75,35,54.28,0,0,1,0,2022
117,Mandeep Singh,DC,118,3,3,0,18,18,6.00,23,78.26,0,0,4,0,2022
118,Josh Hazlewood,RCB,119,12,5,5,18,7*,-,26,69.23,0,0,1,0,2022
119,David Willey,RCB,120,4,2,0,18,18,9.00,30,60.0,0,0,3,0,2022
120,Karun Nair,RR,121,3,2,0,16,13,8.00,18,88.88,0,0,1,0,2022
121,Simran Singh,PBKS,122,1,1,0,14,14,14.00,11,127.27,0,0,2,0,2022
122,Anmolpreet Singh,MI,123,2,2,0,13,8,6.50,13,100.0,0,0,1,0,2022
123,Murugan Ashwin,MI,124,8,5,2,12,6,4.00,14,85.71,0,0,1,1,2022
124,Varun Chakaravarthy,KKR,125,11,4,4,12,10*,-,18,66.66,0,0,2,0,2022
125,Chris Jordan,CSK,126,4,2,1,11,6*,11.00,8,137.5,0,0,0,0,2022
126,Rajangad Bawa,PBKS,127,2,2,0,11,11,5.50,14,78.57,0,0,1,0,2022
127,Shreyas Gopal,SRH,128,1,1,1,9,9*,-,7,128.57,0,0,2,0,2022
128,Marco Jansen,SRH,129,8,3,2,9,8*,9.00,7,128.57,0,0,0,1,2022
129,Obed McCoy,RR,130,7,1,0,8,8,8.00,5,160.0,0,0,0,1,2022
130,Srikar Bharat,DC,131,2,2,0,8,8,4.00,7,114.28,0,0,2,0,2022
131,Fabian Allen,MI,132,1,1,0,8,8,8.00,7,114.28,0,0,1,0,2022
132,Sean Abbott,SRH,133,1,1,0,7,7,7.00,5,140.0,0,0,0,1,2022
133,Rasikh Salam,KKR,134,2,1,0,7,7,7.00,6,116.66,0,0,1,0,2022
134,Kartik Tyagi,SRH,135,2,2,0,7,7,3.50,6,116.66,0,0,1,0,2022
135,Maheesh Theekshana,CSK,136,9,2,1,7,7*,7.00,7,100.0,0,0,0,1,2022
136,Simarjeet Singh,CSK,137,6,3,2,7,3*,7.00,8,87.5,0,0,0,0,2022
137,Ripal Patel,DC,138,2,1,0,6,6,6.00,3,200.0,0,0,0,1,2022
138,Mukesh Choudhary,CSK,139,13,2,1,6,4,6.00,6,100.0,0,0,1,0,2022
139,Prasidh Krishna,RR,140,17,3,2,6,4*,6.00,12,50.0,0,0,0,0,2022
140,Aman Khan,KKR,141,1,1,0,5,5,5.00,3,166.66,0,0,1,0,2022
141,Lockie Ferguson,GT,142,13,3,1,5,5,2.50,4,125.0,0,0,1,0,2022
142,Alzarri Joseph,GT,143,9,3,2,5,4*,5.00,7,71.42,0,0,0,0,2022
143,Yuzvendra Chahal,RR,144,17,2,1,5,5,5.00,8,62.5,0,0,0,0,2022
144,Vaibhav Arora,PBKS,145,5,4,2,5,2*,2.50,13,38.46,0,0,0,0,2022
145,Prerak Mankad,PBKS,146,1,1,1,4,4*,-,1,400.0,0,0,1,0,2022
146,Karan Sharma,LSG,147,1,1,0,4,4,4.00,4,100.0,0,0,1,0,2022
147,Abdul Samad,SRH,148,2,2,0,4,4,2.00,7,57.14,0,0,0,0,2022
148,Abhijeet Tomar,KKR,149,1,1,0,4,4,4.00,8,50.0,0,0,1,0,2022
149,Umran Malik,SRH,150,14,4,3,4,3*,4.00,8,50.0,0,0,0,0,2022
150,Mustafizur Rahman,DC,151,8,1,1,3,3*,-,5,60.0,0,0,0,0,2022
151,Kumar Kartikeya Singh,MI,152,4,1,0,3,3,3.00,5,60.0,0,0,0,0,2022
152,Shivam Mavi,KKR,153,6,3,1,3,2,1.50,7,42.85,0,0,0,0,2022
153,Harshit Rana,KKR,154,2,2,1,2,2,2.00,2,100.0,0,0,0,0,2022
154,Navdeep Saini,RR,155,2,1,0,2,2,2.00,2,100.0,0,0,0,0,2022
155,Tristan Stubbs,MI,156,2,2,0,2,2,1.00,4,50.0,0,0,0,0,2022
156,Pradeep Sangwan,GT,157,3,1,0,2,2,2.00,5,40.0,0,0,0,0,2022
157,Fazalhaq Farooqi,SRH,158,3,1,1,2,2*,-,8,25.0,0,0,0,0,2022
158,Jagadeesha Suchith,SRH,159,5,2,0,2,2,1.00,8,25.0,0,0,0,0,2022
159,Tim Southee,KKR,160,9,5,1,2,1*,0.50,12,16.66,0,0,0,0,2022
160,Nathan Coulter-Nile,RR,161,1,1,1,1,1*,-,2,50.0,0,0,0,0,2022
161,Anrich Nortje,DC,162,6,1,1,1,1*,-,6,16.66,0,0,0,0,2022
0,Shubman Gill,GT,1,17,17,2,890,129,59.33,564,157.8,3,4,85,33,2023
1,Faf Du Plessis,RCB,2,14,14,1,730,84,56.15,475,153.68,0,8,60,36,2023
2,Devon Conway,CSK,3,16,15,2,672,92*,51.69,481,139.7,0,6,77,18,2023
3,Virat Kohli,RCB,4,14,14,2,639,101*,53.25,457,139.82,2,6,65,16,2023
4,Yashasvi Jaiswal,RR,5,14,14,1,625,124,48.08,382,163.61,1,5,82,26,2023
5,Suryakumar Yadav,MI,6,16,16,2,605,103*,43.21,334,181.13,1,5,65,28,2023
6,Ruturaj Gaikwad,CSK,7,16,15,1,590,92,42.14,400,147.5,0,4,46,30,2023
7,David Warner,DC,8,14,14,0,516,86,36.86,392,131.63,0,6,69,10,2023
8,Rinku Singh,KKR,9,14,14,6,474,67*,59.25,317,149.52,0,4,31,29,2023
9,Ishan Kishan,MI,10,15,15,0,454,75,30.27,318,142.76,0,3,54,18,2023
10,Cameron Green,MI,11,16,16,7,452,100*,50.22,282,160.28,1,2,40,22,2023
11,Heinrich Klaasen,SRH,12,12,11,2,448,104,49.78,253,177.07,1,2,32,25,2023
12,Shivam Dube,CSK,13,16,14,3,418,52,38.00,264,158.33,0,3,12,35,2023
13,Nitish Rana,KKR,14,14,14,1,413,75,31.77,293,140.95,0,3,39,20,2023
14,Marcus Stoinis,LSG,15,15,15,2,408,89*,31.38,272,150.0,0,3,28,27,2023
15,Venkatesh Iyer,KKR,16,14,14,0,404,104,28.86,277,145.84,1,2,32,21,2023
16,Glenn Maxwell,RCB,17,14,14,2,400,77,33.33,218,183.48,0,5,29,31,2023
17,Jos Buttler,RR,18,14,14,0,392,95,28.00,282,139.0,0,4,42,14,2023
18,Kyle Mayers,LSG,19,13,13,0,379,73,29.15,263,144.1,0,4,38,22,2023
19,Shikhar Dhawan,PBKS,20,11,11,2,373,99*,41.44,261,142.91,0,3,49,12,2023
20,Wriddhiman Saha,GT,21,17,17,1,371,81,23.19,287,129.26,0,2,47,8,2023
21,Sanju Samson,RR,22,14,14,2,362,66*,30.17,236,153.38,0,3,25,24,2023
22,Sai Sudharsan,GT,23,8,8,1,362,96,51.71,256,141.4,0,3,33,12,2023
23,Nicholas Pooran,LSG,24,15,15,3,358,62,29.83,207,172.94,0,2,26,26,2023
24,Simran Singh,PBKS,25,14,14,0,358,103,25.57,238,150.42,1,1,38,19,2023
25,Hardik Pandya,GT,26,16,15,4,346,66,31.45,253,136.75,0,2,26,15,2023
26,Tilak Varma,MI,27,11,11,3,343,84*,42.88,209,164.11,0,1,26,23,2023
27,Rohit Sharma,MI,28,16,16,0,332,65,20.75,250,132.8,0,2,35,17,2023
28,Ajinkya Rahane,CSK,29,14,11,1,326,71*,32.60,189,172.48,0,2,24,16,2023
29,Jitesh Sharma,PBKS,30,14,14,1,309,49*,23.77,198,156.06,0,0,22,21,2023
30,Vijay Shankar,GT,31,14,10,2,301,63*,37.63,188,160.1,0,3,27,15,2023
31,Shimron Hetmyer,RR,32,14,13,5,300,56*,37.50,197,152.28,0,1,12,23,2023
32,Jason Roy,KKR,33,8,8,0,285,61,35.63,188,151.59,0,2,36,12,2023
33,Axar Patel,DC,34,14,13,3,283,54,28.30,203,139.4,0,1,21,15,2023
34,Liam Livingstone,PBKS,35,9,9,1,279,94,34.88,171,163.15,0,2,20,19,2023
35,Sam Curran,PBKS,36,14,13,3,276,55,27.60,203,135.96,0,1,20,13,2023
36,K L Rahul,LSG,37,9,9,1,274,74,34.25,242,113.22,0,2,28,4,2023
37,Rahul Tripathi,SRH,38,13,13,1,273,74*,22.75,213,128.16,0,1,29,10,2023
38,Mayank Agarwal,SRH,39,10,10,0,270,83,27.00,210,128.57,0,1,29,6,2023
39,Devdutt Padikkal,RR,40,11,11,1,261,52,26.10,200,130.5,0,2,31,6,2023
40,David Miller,GT,41,16,13,5,259,46,32.38,178,145.5,0,0,18,13,2023
41,Aiden Markram,SRH,42,13,13,2,248,50,22.55,197,125.88,0,1,18,8,2023
42,Nehal Wadera,MI,43,14,10,1,241,64,26.78,166,145.18,0,2,23,12,2023
43,Ayush Badoni,LSG,44,15,12,2,238,59*,23.80,172,138.37,0,1,13,12,2023
44,Tim David,MI,45,16,15,6,231,45*,25.67,146,158.21,0,0,12,15,2023
45,Andre Russell,KKR,46,14,14,3,227,42,20.64,156,145.51,0,0,13,18,2023
46,Rahmanullah Gurbaz,KKR,47,11,11,0,227,81,20.64,170,133.52,0,2,17,15,2023
47,Abhishek Sharma,SRH,48,11,11,0,226,67,20.55,157,143.94,0,2,28,6,2023
48,Phil Salt,DC,49,9,9,1,218,87,27.25,133,163.9,0,2,24,10,2023
49,Rilee Rossouw,DC,50,9,9,2,209,82*,29.86,141,148.22,0,1,17,11,2023
50,Ravindra Jadeja,CSK,51,16,12,4,190,25*,23.75,133,142.85,0,0,11,9,2023
51,Harry Brook,SRH,52,11,11,2,190,100*,21.11,154,123.37,1,0,23,4,2023
52,Krunal Pandya,LSG,53,15,14,4,188,49*,18.80,165,113.93,0,0,15,6,2023
53,Atharva Taide,PBKS,54,7,7,0,186,66,26.57,129,144.18,0,2,20,6,2023
54,Abdul Samad,SRH,55,9,8,4,169,37*,42.25,128,132.03,0,0,10,11,2023
55,Manish Pandey,DC,56,10,9,0,160,50,17.78,146,109.58,0,1,15,3,2023
56,Ambati Rayudu,CSK,57,16,12,2,158,27*,15.80,113,139.82,0,0,10,9,2023
57,Shahrukh Khan,PBKS,58,14,13,6,156,41*,22.29,94,165.95,0,0,13,9,2023
58,Dhruv Jurel,RR,59,13,11,4,152,34*,21.71,88,172.72,0,0,11,9,2023
59,Quinton De Kock,LSG,60,4,4,0,143,70,35.75,102,140.19,0,1,10,8,2023
60,Dinesh Karthik,RCB,61,13,13,1,140,30,11.67,104,134.61,0,0,13,5,2023
61,Sikandar Raza,PBKS,62,7,7,2,139,57,27.80,98,141.83,0,1,10,6,2023
62,Mahipal Lomror,RCB,63,12,10,2,135,54*,16.88,97,139.17,0,1,9,8,2023
63,Rashid Khan,GT,64,17,9,5,130,79*,32.50,60,216.66,0,1,8,13,2023
64,Mitchell Marsh,DC,65,9,9,0,128,63,14.22,97,131.95,0,1,11,7,2023
65,Moeen Ali,CSK,66,15,10,3,124,23,17.71,91,136.26,0,0,12,6,2023
66,Matthew Short,PBKS,67,6,6,0,117,36,19.50,92,127.17,0,0,15,4,2023
67,Abhinav Manohar,GT,68,9,6,0,114,42,19.00,83,137.34,0,0,6,7,2023
68,Shardul Thakur,KKR,69,11,10,2,113,68,14.13,70,161.42,0,1,13,4,2023
69,Aman Khan,DC,70,11,9,1,110,51,13.75,101,108.91,0,1,7,6,2023
70,Prithvi Shaw,DC,71,8,8,0,106,54,13.25,85,124.7,0,1,16,1,2023
71,Anmolpreet Singh,SRH,72,4,4,0,105,36,26.25,82,128.04,0,0,15,2,2023
72,MS Dhoni,CSK,73,16,12,8,104,32*,26.00,57,182.45,0,0,3,10,2023
73,Prerak Mankad,LSG,74,5,5,2,93,64*,31.00,72,129.16,0,1,12,2,2023
74,Anuj Rawat,RCB,75,9,7,4,91,29*,30.33,71,128.16,0,0,6,4,2023
75,Jagadeesan Narayan,KKR,76,6,6,0,89,36,14.83,81,109.87,0,0,14,1,2023
76,Rahul Tewatia,GT,77,17,10,6,87,20*,21.75,57,152.63,0,0,3,7,2023
77,Deepak Hooda,LSG,78,12,12,1,84,17,7.64,90,93.33,0,0,3,2,2023
78,Riyan Parag,RR,79,7,7,1,78,20,13.00,66,118.18,0,0,4,5,2023
79,Harpreet Bhatia,PBKS,80,3,3,0,76,41,25.33,59,128.81,0,0,8,3,2023
80,Bhanuka Rajapaksa,PBKS,81,4,4,1,71,50,23.67,62,114.51,0,1,6,2,2023
81,Vivrant Sharma,SRH,82,3,1,0,69,69,69.00,47,146.8,0,1,9,2,2023
82,Ravichandran Ashwin,RR,83,13,10,4,67,30,11.17,51,131.37,0,0,5,3,2023
83,Lalit Yadav,DC,84,6,6,1,66,38,13.20,59,111.86,0,0,8,0,2023
84,Krishnappa Gowtham,LSG,85,7,7,3,61,23,15.25,37,164.86,0,0,2,5,2023
85,Washington Sundar,SRH,86,7,5,1,60,24*,15.00,60,100.0,0,0,6,0,2023
86,Michael Bracewell,RCB,87,5,4,2,58,26,29.00,47,123.4,0,0,6,1,2023
87,Sarfaraz Khan,DC,88,4,4,0,53,30,13.25,62,85.48,0,0,4,1,2023
88,Harpreet Brar,PBKS,89,13,8,2,52,17*,8.67,41,126.82,0,0,5,2,2023
89,Ripal Patel,DC,90,5,4,1,49,23,16.33,43,113.95,0,0,3,1,2023
90,Shahbaz Ahmed,RCB,91,10,6,2,42,20*,10.50,39,107.69,0,0,3,1,2023
91,Bhuvneshwar Kumar,SRH,92,14,6,3,42,27,14.00,47,89.36,0,0,4,0,2023
92,Glenn Phillips,SRH,93,5,5,0,39,25,7.80,22,177.27,0,0,2,4,2023
93,Marco Jansen,SRH,94,8,6,3,39,17*,13.00,43,90.69,0,0,4,0,2023
94,Anrich Nortje,DC,95,10,7,4,37,23*,12.33,29,127.58,0,0,6,0,2023
95,Vishnu Vinod,MI,96,3,3,0,37,30,12.33,31,119.35,0,0,2,2,2023
96,Suyash S Prabhudessai,RCB,97,5,4,0,35,19,8.75,29,120.68,0,0,1,2,2023
97,David Willey,RCB,98,4,3,3,35,20*,-,32,109.37,0,0,4,0,2023
98,Wanindu Hasaranga,RCB,99,8,5,3,33,12*,16.50,28,117.85,0,0,3,0,2023
99,Abishek Porel,DC,100,4,4,0,33,20,8.25,31,106.45,0,0,1,2,2023
100,Kuldeep Yadav,DC,101,14,10,8,31,10*,15.50,48,64.58,0,0,2,0,2023
101,Dasun Shanaka,GT,102,3,3,1,26,17,13.00,26,100.0,0,0,2,1,2023
102,Piyush Chawla,MI,103,16,4,2,25,18,12.50,22,113.63,0,0,1,1,2023
103,Tristan Stubbs,MI,104,2,2,0,25,20,12.50,31,80.64,0,0,2,0,2023
104,Hrithik Shokeen,MI,105,8,3,2,23,18*,23.00,17,135.29,0,0,4,0,2023
105,Anukul Roy,KKR,106,4,4,2,23,13*,11.50,19,121.05,0,0,3,0,2023
106,Adil Rashid,SRH,107,2,2,0,22,18,11.00,16,137.5,0,0,2,1,2023
107,Priyam Garg,DC,108,2,2,0,22,12,11.00,23,95.65,0,0,1,0,2023
108,David Wiese,KKR,109,3,3,2,21,12*,21.00,11,190.9,0,0,0,3,2023
109,Mayank Markande,SRH,110,10,3,3,21,18*,-,13,161.53,0,0,2,1,2023
110,Sunil Narine,KKR,111,14,10,3,21,7*,3.00,25,84.0,0,0,2,1,2023
111,Rishi Dhawan,PBKS,112,6,3,1,20,19,10.00,12,166.66,0,0,1,1,2023
112,Ravi Bishnoi,LSG,113,15,7,4,20,5,6.67,27,74.07,0,0,1,0,2023
113,Umran Malik,SRH,114,8,2,1,19,19*,19.00,8,237.5,0,0,1,2,2023
114,Umesh Yadav,KKR,115,8,5,3,19,6*,9.50,18,105.55,0,0,1,0,2023
115,Amit Mishra,LSG,116,7,1,0,19,19,19.00,30,63.33,0,0,2,0,2023
116,Arshad Khan,MI,117,6,3,1,18,15*,9.00,15,120.0,0,0,0,1,2023
117,Akash Deep,RCB,118,2,1,0,17,17,17.00,8,212.5,0,0,2,1,2023
118,Akeal Hosein,SRH,119,1,1,1,16,16*,-,10,160.0,0,0,1,1,2023
119,Trent Boult,RR,120,10,4,3,16,15,16.00,14,114.28,0,0,1,1,2023
120,Praveen Dubey,DC,121,1,1,0,16,16,16.00,20,80.0,0,0,2,0,2023
121,Naveen-Ul-Haq,LSG,122,8,3,2,16,13,16.00,21,76.19,0,0,2,0,2023
122,Yash Dhull,DC,123,4,3,0,16,13,5.33,23,69.56,0,0,1,0,2023
123,Ben Stokes,CSK,124,2,2,0,15,8,7.50,14,107.14,0,0,2,0,2023
124,Mandeep Singh,KKR,125,3,3,0,14,12,4.67,16,87.5,0,0,0,1,2023
125,Arjun Tendulkar,MI,126,4,1,0,13,13,13.00,9,144.44,0,0,0,1,2023
126,Vyshak Vijaykumar,RCB,127,7,2,1,13,13*,13.00,9,144.44,0,0,0,1,2023
127,Kedar Jadhav,RCB,128,2,1,1,12,12*,-,10,120.0,0,0,1,0,2023
128,Jason Holder,RR,129,8,3,1,12,11,6.00,11,109.09,0,0,0,1,2023
129,Karan Sharma,LSG,130,2,2,0,12,9,6.00,21,57.14,0,0,0,0,2023
130,Mark Wood,LSG,131,4,2,1,11,10*,11.00,5,220.0,0,0,1,1,2023
131,Sanvir Singh,SRH,132,2,2,1,11,7,11.00,9,122.22,0,0,1,1,2023
132,Manan Vohra,LSG,133,1,1,0,10,10,10.00,11,90.9,0,0,1,0,2023
133,Joe Root,RR,134,3,1,0,10,10,10.00,15,66.66,0,0,1,0,2023
134,Adam Zampa,RR,135,6,3,0,10,7,3.33,16,62.5,0,0,0,0,2023
135,Jaydev Unadkat,LSG,136,3,1,0,9,9,9.00,7,128.57,0,0,1,0,2023
136,Noor Ahmad,GT,137,13,3,1,8,7*,4.00,9,88.88,0,0,1,0,2023
137,Mukesh Kumar,DC,138,10,3,3,7,6*,-,9,77.77,0,0,0,0,2023
138,Rovman Powell,DC,139,3,3,0,7,4,2.33,9,77.77,0,0,1,0,2023
139,Alzarri Joseph,GT,140,7,2,2,7,7*,-,12,58.33,0,0,1,0,2023
140,Harshal Patel,RCB,141,13,2,0,6,6,3.00,6,100.0,0,0,0,1,2023
141,Kumar Kartikeya Singh,MI,142,8,1,0,6,6,6.00,7,85.71,0,0,1,0,2023
142,Jason Behrendorff,MI,143,12,2,2,6,3*,-,9,66.66,0,0,0,0,2023
143,Chris Jordan,MI,144,6,2,0,6,4,3.00,12,50.0,0,0,0,0,2023
144,Mohammad Shami,GT,145,17,2,0,5,5,2.50,6,83.33,0,0,1,0,2023
145,Litton Das,KKR,146,1,1,0,4,4,4.00,4,100.0,0,0,1,0,2023
146,Jofra Archer,MI,147,5,2,2,4,3*,-,4,100.0,0,0,0,0,2023
147,Chetan Sakariya,DC,148,2,2,1,4,4,4.00,6,66.66,0,0,1,0,2023
148,Vaibhav Arora,KKR,149,5,2,2,3,2*,-,2,150.0,0,0,0,0,2023
149,Karn Sharma,RCB,150,7,2,0,3,2,1.50,5,60.0,0,0,0,0,2023
150,Arshdeep Singh,PBKS,151,14,2,2,2,2*,-,2,100.0,0,0,0,0,2023
151,Mitchell Santner,CSK,152,3,2,2,2,1*,-,4,50.0,0,0,0,0,2023
152,Swapnil Singh,LSG,153,2,1,1,2,2*,-,4,50.0,0,0,0,0,2023
153,Wayne Parnell,RCB,154,7,1,0,2,2,2.00,5,40.0,0,0,0,0,2023
154,Sandeep Sharma,RR,155,12,2,2,2,2*,-,6,33.33,0,0,0,0,2023
155,Mustafizur Rahman,DC,156,2,1,1,1,1*,-,1,100.0,0,0,0,0,2023
156,Ishant Sharma,DC,157,8,1,1,1,1*,-,1,100.0,0,0,0,0,2023
157,Abdul Basith,RR,158,1,1,1,1,1*,-,1,100.0,0,0,0,0,2023
158,Deepak Chahar,CSK,159,10,1,1,1,1*,-,2,50.0,0,0,0,0,2023
159,Mohit Rathee,PBKS,160,1,1,1,1,1*,-,2,50.0,0,0,0,0,2023
160,Josh Hazlewood,RCB,161,3,1,1,1,1*,-,2,50.0,0,0,0,0,2023
161,Mohammed Siraj,RCB,162,14,2,1,1,1*,1.00,2,50.0,0,0,0,0,2023
162,Yudhvir Singh,LSG,163,3,2,0,1,1,0.50,2,50.0,0,0,0,0,2023
163,Fazalhaq Farooqi,SRH,164,4,1,1,1,1*,-,5,20.0,0,0,0,0,2023
164,Nathan Ellis,PBKS,165,10,2,0,1,1,0.50,7,14.28,0,0,0,0,2023
165,Varun Chakaravarthy,KKR,166,14,2,1,1,1,1.00,9,11.11,0,0,0,0,2023
